booking_status,Percentage
Cancelled,15.772251308900524
Completed,81.83900523560209
No-Show,2.3887434554973823
