customer_type,total_amount,discount_amount,cancellation_rate
Non-VIP,26032.187695661898,1430.4006686046512,20.348837209302324
VIP,46770.2436158377,2577.766109293194,15.772251308900524
